{
  "torch_baseline": {
    "clean_acc": 0.8546780291664167,
    "clean_auc": 0.9438642295529094,
    "rob_acc": 0.09626117745904099,
    "rob_auc": 0.026242973066579967,
    "attack": "pgd",
    "eps": 0.1
  },
  "lgb_baseline": {
    "clean_acc": 0.8296825301566345,
    "clean_auc": 0.9720457186822313
  },
  "transfer_to_lgb": {
    "clean_acc": 0.8296825301566345,
    "adv_acc": 0.5000550121026626,
    "transfer_success": 0.34144011682570163,
    "attack": "pgd",
    "eps": 0.12
  },
  "torch_defended": {
    "clean_acc": 0.8211506531436916,
    "clean_auc": 0.9334112723064245,
    "rob_acc": 0.658434855668247,
    "rob_auc": 0.6948252017638797,
    "attack": "pgd",
    "eps": 0.12
  }
}