{
  "torch_baseline": {
    "clean_acc": 0.8869701334293545,
    "clean_auc": 0.9440779918490209,
    "rob_acc": 0.07613174898477665,
    "rob_auc": 0.019233961806517527,
    "attack": "pgd",
    "eps": 0.1
  },
  "lgb_baseline": {
    "clean_acc": 0.8296825301566345,
    "clean_auc": 0.9720457186822313
  },
  "transfer_to_lgb": {
    "clean_acc": 0.8296825301566345,
    "adv_acc": 0.49659925183540377,
    "transfer_success": 0.3447658484866671,
    "attack": "pgd",
    "eps": 0.1
  },
  "torch_defended": {
    "clean_acc": 0.8211506531436916,
    "clean_auc": 0.9334112723064245,
    "rob_acc": 0.658434855668247,
    "rob_auc": 0.6948252017638797,
    "attack": "pgd",
    "eps": 0.12
  }
}